90,tiramisu-au-chocolat-blanc-fraises-et-speculoos
abymes,fondue-savoyarde
alcool-de-framboises,tarte-fine-aux-bananes-et-framboises
aloxe-corton,roti-de-boeuf
alsace,fromage-type-munster
alsace-riesling-grand-cru,saint-jacques-au-safran
amarone,osso-bucco
anjou,poulet-roti
anjou-blanc,tataki-de-boeuf
anjou-blanc-jo-pithon-et-joseph-paille,tataki-de-boeuf
anjou-sauvignon,huitres-nature-st-vaast
apremont,fondue-savoyarde
armagnac,croustade-aux-pommes
asti,tarte-aux-poires
asti-spumante,tarte-aux-abricots-et-amandes
auxey-duresses,langoustines
badoit,samousas-au-poulet-et-champignons
balmes-dauphinoises,gratin-dauphinois
bandol-rose,dorade-rose
banyuls,fromages-forts-a-pates-persillees
banyuls-ambre,gateau-moelleux-au-chocolat,tarte-a-la-praline
banyuls-rimage,tarte-a-la-praline
banyuls-rouge,fondue-au-chocolat
barbaresco,osso-bucco
barbera,pizza
bardolino,pizza
barolo,osso-bucco
beaujolais,potee-au-chou,roti-de-veau
beaujolais-village,plateau-de-fromages,poulet-roti
beaumes-de-venise,pissaladiere
beaune,plateau-de-fromages
bergerac,cassoulet,cuisses-de-poulet-au-coca-cola
biere,ravitoto,choucroute-alsacienne,carbonnades-flamandes
biere-blonde,ravitoto
blancs,pissaladiere
blanquette-de-limoux,escargot-de-mer-romanesco
bonnezeaux,puddings-au-potiron
bordeaux,plateau-de-fromages,cassoulet
bordeaux-graves-blanc,poulet-aux-ecrevisses
bordeaux-rose,dorade-rose
bordeaux-rouge,paupiette-de-seitan-farcies-au-chataignes-noix-et-cepes
boulaouane,couscous
bourgogne,plateau-de-fromages,poulet-roti
bourgogne-2011,roti-de-cerf
bourgogne-alligote,saint-pierre-a-la-sauce-hollandaise
bourgogne-blanc,langoustines
bourgogne-rouge,coq-au-vin
breizh-cola,cuisses-de-poulet-au-coca-cola
brouilly,potee-au-chou,poulet-au-citron,caille-aux-raisins,paupiette-de-seitan-farcies-au-chataignes-noix-et-cepes
brunello,osso-bucco
cabernet-sauvignon,gratin-de-poireaux-au-jambon
cahors,paupiette-de-seitan-farcies-au-chataignes-noix-et-cepes,cuisses-de-poulet-au-coca-cola,cassoulet,chili-con-carne
cairanne,chapon-roti-aux-pommes
canon-fronsac,cassoulet
carthage,couscous
chablis,homard-grille-au-beurre-blanc,ris-de-veau-a-la-marechale,sole-meuniere,huitres,gratin-de-potimarron-au-crabe
chablis-grand-cru,langouste
chambertin,coq-au-vin,civet-de-lapin
chambolle-musigny,emince-de-veau-a-la-creme,caille-aux-raisins,gateau-moelleux-au-chocolat
champagne,saint-jacques-poelees-au-beurre-d-agrumes,huitres,langouste,tarte-fine-aux-bananes-et-framboises,tarte-aux-poires,tarte-normande
champagne-blanc-de-blancs,langouste
champagne-blanc-de-noirs,tempura
champagne-brut,huitres
champagne-jean-velut-brut-tradition,saint-jacques-poelees-au-beurre-d-agrumes
champagne-non-dose,tempura
champagne-rose,poire-au-chocolat-et-amandes,tarte-aux-abricots-et-amandes
champagne-sec,macaron-epice-foie-gras-et-confit-de-figues
champagne-tarlant-tradition,tempura
champagne-tarlant-zero-brut-nature,tempura
champagne-tristan-h-le-colostrum,huitres
champagne-zero-dosage,huitres
chardonnay,langouste
chassagne-montrachet,langouste
chateauneuf-du-pape,roti-de-boeuf,caille-aux-raisins,magret-de-canard-poele-a-l-ananas,osso-bucco,chocolat,gigot-d-agneau
chateauneuf-du-pape-blanc,emince-de-veau-a-la-creme,saint-jacques-et-foie-gras-poeles
chateldon,samousas-au-poulet-et-champignons
chenin-blanc,tataki-de-boeuf
cheverny,turbot-grille-aux-asperges-sauce-hollandaise,soles-meunieres,sole-meuniere
cheverny-blanc,poulet-au-citron
chianti,pizza,osso-buco-a-la-milanaise
chianti-classico-2008,pintade-a-l-aillet
chiaretto,pizza
chignin,fondue-savoyarde
chignin-bergeron,raclette
chinon,poulet-roti,civet-de-lapin
chinon-rose,tarte-ratatouille-aux-lardons
chiroubles,poulet-au-citron,cote-de-porc-poelee-et-granite-d-ananas,poulet-roti
cidre,crevettes-roses-sautees
cidre-brut,lapin-au-cidre
cidre-de-normandie,tarte-normande
cidre-rose,chapon-roti-aux-pommes
cidre-royal-guillevic,crevettes-roses-sautees
cidre-royal-guillevic-nicol,crevettes-roses-sautees
clairette-de-die,cheesecake-au-chocolat
coco-cola,cuisses-de-poulet-au-coca-cola
collioure,rable-de-lapin-aux-girolles-et-petits-pois,oeuf-sur-le-plat,canette-fermiere-aux-peches-du-roussillon
collioure-rouge,lapin-chasseur,paella
condrieu,turbot-grille-aux-asperges-sauce-hollandaise,homard-sur-sable-de-mini-pates
coroa-d-ouro-2013-blanc,brochette-de-petoncles-a-la-pancetta,hummus-a-la-coriandre
corton-charlemagne,langouste
cote-de-beaune,coq-au-vin
cote-de-nuits,coq-au-vin
cote-du-rhone,roti-de-veau
cote-du-rhone-village,cote-de-porc-poelee-et-granite-d-ananas
cote-rotie,cerre-d-agneau-aux-fleurs-de-brocolis
coteaux-d-aix,tarte-ratatouille-aux-lardons
coteaux-du-gresivaudan,gratin-dauphinois
coteaux-du-languedoc,oeuf-sur-le-plat
coteaux-du-layon,puddings-au-potiron
coteaux-varois,pizza,pissaladiere
cotes-de-beaune,caille-aux-raisins,civet-de-lapin
cotes-de-beaune-blanc,gratin-de-puree-au-colin-et-saumon
cotes-de-bourg,roti-de-veau
cotes-de-castillon,roti-de-veau
cotes-de-nuit,magret-de-canard-poele-a-l-ananas
cotes-de-provence,pissaladiere
cotes-du-jura-chardonnay,saint-jacques-au-safran
cotes-du-marmandais,faux-filet-grille
cotes-du-marmandais-elian-da-ros-ce-vin-est-une-fete,faux-filet-grille
cotes-du-rhone,oeuf-sur-le-plat,pizza,lapin-chasseur
cotes-du-rhone-villages,steak-tartare
cotes-du-roussillon,lapin-chasseur,civet-de-lapin
cotes-du-roussillon-village,escalope-de-foie-gras-aux-abricots,oeuf-sur-le-plat,tournedos-de-veau-aux-asperges-des-bois-et-mini-champignons
cotes-du-roussillon-villages,canette-fermiere-aux-peches-du-roussillon
cotes-du-roussillon-villages-blanc,roules-de-saumon-fume-au-celeri
cremant-d-alsace,escargot-de-mer-romanesco
cremant-de-bourgogne,escargot-de-mer-romanesco
crozes-hermitage,cailles-au-raisins-et-girolles
dom-perignon,huitres
edelzwicker,huitres-claires
entre-deux-mers,avocat-au-crabe,huitres-claires,huitres-au-naturel,bouquets-crevettes-roses
ermitage-blanc,poulet-aux-ecrevisses
fendant,fondue-savoyarde,raclette
fitou,rable-de-lapin-aux-girolles-et-petits-pois
floc-de-gascogne-blanc,foie-gras-aux-raisins,toast-de-foie-gras-sur-lit-de-confit-d-oignon-ou-confit-de-figues
floc-de-gascogne-rouge,croustade-aux-pommes
fronsac,cassoulet
fronton,cassoulet,cuisses-de-poulet-au-coca-cola,foie-gras-aux-raisins
fuentespina,asperges-vertes-jambon-fume-et-fromage
gamay,raclette
gator-tail-ale,croquettes-d-alligator
gevrey-chambertin,coq-au-vin
gewurstraminer,fromage-type-munster
gewurztraminer,baeckeoffe,homard-grille-au-beurre-blanc,tarte-aux-poires,choucroute-alsacienne
gewurztraminer-vendanges-tardives,homard-grille-sauce-homardine,foie-gras-aux-raisins
gigondas,magret-de-canard-poele-a-l-ananas,gigot-d-agneau
givry,lapin-aux-asperges-blanches
grenache-et-syrah,paupiette-de-seitan-farcies-au-chataignes-noix-et-cepes
gros-plant,huitres-claires,maquereaux-au-vin-blanc
gruner-silvaner-spatlese-halbtrocken,salade-printaniere-au-quinoa-rouge
guerrouane,couscous
haut-medoc,osso-buco-a-la-milanaise
isere,gratin-dauphinois
julienas,civet-de-lapin,cake-au-lard,plateau-de-fromages
jus-de-pomme,tarte-normande
la-cuvee-blanc-de-blancs-brut-nature-quot-de-la-maison-veuve-fourny,tarte-aux-abricots-et-aux-amandes
la-valiere-blanc-du-mas-nicot,hamburgers-au-poulet-aux-tomates-et-au-crottin-de-chavignol
lalande-de-pomerol,canette-aux-clementines,paupiette-de-seitan-farcies-au-chataignes-noix-et-cepes
lambrusco,pizza
le-rose-2014-a-8,tiramisu-au-chocolat-blanc-fraises-et-speculoos
le-terres-de-truffes-2011,terrine-de-legumes-au-chevre-frais-et-a-la-truffe-du-ventoux
liebfraumilch,saint-jacques-et-foie-gras-poeles
listel,pissaladiere
listel-blanc,avocat-au-crabe
listrac-medoc,canette-aux-clementines,pigeon-roti-sur-puree-de-carottes-et-petits-pois
loupiac,puree-de-patate-douce-a-la-truffe,foie-gras-aux-raisins,tarte-aux-poires,poire-au-chocolat-et-amandes
macon,plateau-de-fromages,coq-au-vin
madiran,couscous,pizza,cassoulet,cuisses-de-poulet-au-coca-cola
margaux,escalope-de-foie-gras-sur-mousseline-de-butternut
mascara,couscous
maury,gateau-au-chocolat,fromages-forts-a-pates-persillees
maury-rouge,canette-fermiere-aux-peches-du-roussillon,civet-de-lapin
meknes,couscous
menetou-salon,choucroute-alsacienne,sole-meuniere,bouquets-crevettes-roses,soles-meunieres
mercurey,roti-de-boeuf
meursault,queue-de-homard-au-beurre-de-clementines,cailles-au-raisins-et-girolles,turbot-grille-aux-asperges-sauce-hollandaise,gratin-de-puree-au-colin-et-saumon,gratin-de-potimarron-au-crabe,sole-meuniere,langouste
meursault-1er-cru,langouste
minervois,paupiette-de-seitan-farcies-au-chataignes-noix-et-cepes,porc-au-caramel
minervois-domaine-pujol-izard-cuvee-saint-fructueux-2009,paupiette-de-seitan-farcies-au-chataignes-noix-et-cepes
mondeuse,raclette,fondue-savoyarde
montbazillac,poire-au-chocolat-et-amandes
montrachet,langouste
montravel,queue-de-langouste-aux-truffes
morgon,civet-de-lapin,roti-de-veau,lapin-au-cidre,lasagnes
moselle-blanc,daurade-farcie
moulin-a-vent,plateau-de-fromages,cailles-au-raisins-et-girolles,caille-aux-raisins
moulis,canette-aux-clementines,pigeon-roti-sur-puree-de-carottes-et-petits-pois
musact-de-rivesaltes,salade-de-fonds-d-artichauts-aux-fraises
muscadet,huitres-au-naturel,langoustines,huitres
muscadet-sur-lie,bouquets-crevettes-roses,huitres-claires,maquereaux-au-vin-blanc
muscat,saint-jacques-et-foie-gras-poeles
muscat-d-alsace,tarte-aux-abricots-et-amandes,oeuf-au-guacamole-et-crevette-rose
muscat-de-frontignan,puddings-au-potiron
muscat-de-rivesaltes,gateau-moelleux-au-chocolat,oeuf-au-guacamole-et-crevette-rose,puddings-au-potiron
muscat-sec,caille-aux-raisins,roules-de-saumon-fume-au-celeri,avocat-au-crabe,homard-grille-au-beurre-blanc
nero-d-avola,pizza
nuits-saint-georges,poulet-aux-ecrevisses,chapon-farci-marrons-champignon-et-purees-douces
orangina,cuisses-de-poulet-au-coca-cola
ouzo,samousas-au-poulet-et-champignons
paris-cola,cuisses-de-poulet-au-coca-cola
pastis,samousas-au-poulet-et-champignons,petits-eperlans-poeles
pauillac,roti-de-boeuf,gigot-d-agneau
pepsi-cola,cuisses-de-poulet-au-coca-cola
perigord,cassoulet
pernod,samousas-au-poulet-et-champignons
perrier,samousas-au-poulet-et-champignons
persan,gratin-dauphinois
pessac-leognan,gigot-d-agneau
pessac-leognan-blanc,saint-jacques-et-foie-gras-poeles
petit-chablis,langoustines
pic-st-loup-blanc,daurade-farcie
picpoul-de-pinet,magret-de-canard-poele-a-l-ananas,langoustines
pinot,choucroute-alsacienne
pinot-blanc,queue-de-langouste-aux-truffes
pinot-blanc-d-alsace,avocat-au-crabe
pinot-gris,baeckeoffe,homard-grille-au-beurre-blanc,homard-grille-sauce-homardine,choucroute-alsacienne
pinot-gris-d-alsace-vendanges-tardives,puree-de-patate-douce-a-la-truffe
pinot-noir-d-alsace,choucroute,cailles-au-raisins-et-girolles,baeckeoffe
poire,poire-au-chocolat-et-amandes
pomerol,escalope-de-foie-gras-sur-mousseline-de-butternut
pommard,civet-de-lapin,roti-de-boeuf
porto,plateau-de-fromages
porto-vintage,sardines-millesimees
pouilly-fuisse,sole-meuniere,lapin-aux-asperges-blanches,langoustines,cailles-au-raisins-et-girolles,poulet-aux-ecrevisses
puligny-montrachet,langouste,queue-de-homard-au-beurre-de-clementines
quincy,gratin-de-potimarron-au-crabe
raki,samousas-au-poulet-et-champignons
rhum-blanc,tarte-fine-aux-bananes-et-framboises
ribera-del-duero,asperges-vertes-jambon-fume-et-fromage
ricard,samousas-au-poulet-et-champignons
riesling,choucroute-alsacienne,bouquets-crevettes-roses,daurade-farcie,homard-grille-au-beurre-blanc,baeckeoffe,huitres-claires,foie-gras-aux-raisins,huitres
riesling-d-alsace,daurade-farcie
rivesaltes-grenat,gateau-au-chocolat
rose-de-provence,magret-de-canard-poele-a-l-ananas,poulet-roti,petits-eperlans-poeles
roses,pissaladiere
roses-de-provence,tarte-ratatouille-aux-lardons
roussette,fondue-savoyarde
roussette-de-savoie,raclette
rully-rouge,roti-de-filet-de-veau-sur-champignons-cremeux
saint-amour,potee-au-chou,cailles-au-raisins-et-girolles,baeckeoffe,lapin-au-cidre
saint-emilion,roti-de-boeuf,cuisses-de-canard-au-miel-et-haricots-tarbais,magret-de-canard-poele-a-l-ananas,paupiette-de-seitan-farcies-au-chataignes-noix-et-cepes,gigot-d-agneau
saint-estephe,escalope-de-foie-gras-sur-mousseline-de-butternut
saint-julien,pigeon-roti-sur-puree-de-carottes-et-petits-pois
saint-nicolas-de-bourgueuil,ris-de-veau-a-la-marechale
saint-pourcain-rouge,potee-au-chou
saint-veran,langoustines
sainte-croix-du-mont,puree-de-patate-douce-a-la-truffe
san-pelegrino,samousas-au-poulet-et-champignons
sancerre-rouge,tajine-de-poulet,poulet-roti,paupiette-de-seitan-farcies-au-chataignes-noix-et-cepes
sangiovese,pizza
santenay,roti-de-boeuf
saumur,maquereaux-au-vin-blanc
saumur-blanc,poulet-au-citron,bouquets-crevettes-roses
saumur-champigny,paupiette-de-seitan-farcies-au-chataignes-noix-et-cepes,lapin-au-cidre,turbot-grille-aux-asperges-sauce-hollandaise
sauternes,puree-de-patate-douce-a-la-truffe,tarte-aux-abricots-et-amandes,foie-gras-aux-raisins,lotte-aux-agrumes,poire-au-chocolat-et-amandes,homard-grille-au-beurre-blanc,saint-jacques-et-foie-gras-poeles,salade-de-fonds-d-artichauts-aux-fraises
sauvignon,maquereaux-au-vin-blanc,huitres-claires
sauvignon-blanc-kabinett-trocken,salade-printaniere-au-quinoa-rouge
savigny-les-beaune,roti-de-veau
sidi-brahim,couscous
smoothie-a-la-banane,tarte-fine-aux-bananes-et-framboises
sylvaner,choucroute-alsacienne,huitres-claires
syrah,pizza
tariquet,toast-de-foie-gras-sur-lit-de-confit-d-oignon-ou-confit-de-figues
tariquet-1eres-grives,macaron-epice-foie-gras-et-confit-de-figues
tautavel,tournedos-de-veau-aux-asperges-des-bois-et-mini-champignons,canette-fermiere-aux-peches-du-roussillon
terres-salees-blanc-domaine-de-simonet-christophe-barbier-vdp-des-cotes-de-perignan,fruits-de-mer
the,tarte-fine-aux-bananes-et-framboises
three-horses-beer,ravitoto
tokay-d-alsace,lotte-aux-agrumes
touraine,maquereaux-au-vin-blanc
touraine-rouge,lapin-au-cidre
touraine-sauvignon,bouquets-crevettes-roses
un-blanc-aop-du-languedoc,hamburgers-au-poulet-aux-tomates-et-au-crottin-de-chavignol
un-champagne-blancs-de-blancs,tarte-aux-abricots-et-aux-amandes
un-vin-blanc-aromatique-et-rond-du-chateau-valcombe,canapes-de-crevettes-sur-concombre
un-vin-rose-bio-en-appellation-ventoux,tiramisu-au-chocolat-blanc-fraises-et-speculoos
un-vin-rouge-en-appellation-ventoux,terrine-de-legumes-au-chevre-frais-et-a-la-truffe-du-ventoux
une-petite-merveille-de-terra-ventoux,terrine-de-legumes-au-chevre-frais-et-a-la-truffe-du-ventoux
une-petite-merveille-du-domaine-de-la-massane,tiramisu-au-chocolat-blanc-fraises-et-speculoos
vacqueyras,chapon-roti-aux-pommes
valencay,poulet-roti
ventoux,lapin-chasseur,pizza
verdesse,gratin-dauphinois
vin-de-savoie-blanc,raclette
vin-de-savoie-rouge,raclette
vin-jaune-cepage-savagnin,foie-gras
vin-jaune-du-jura,raclette
vin-liquoreux,puree-de-patate-douce-a-la-truffe
vin-rose-de-loire,cuisses-de-poulet-au-coca-cola
vino-nobile-di-montepulciano,osso-bucco
vins-d-alsace,fondue-savoyarde
vins-d-espagne,couscous
vins-roses,oeuf-sur-le-plat
viognier,avocat-au-crabe,homard-sur-sable-de-mini-pates
vodka,tartelettes-aux-fraises-et-au-fromage-blanc-avec-une-note-de-citron-vert-et-de-banane
volnay,chapon-farci-marrons-champignon-et-purees-douces
vosne-romanee,roti-de-veau
vouvray,tarte-aux-abricots-et-amandes,saint-pierre-a-la-sauce-hollandaise,tarte-aux-poires
woska-du-domaine-des-hautes-glaces,tartelettes-aux-fraises-et-au-fromage-blanc-avec-une-note-de-citron-vert-et-de-banane
zinfandel,pizza
